TeamID,curr_CurrentTeam_Ast,curr_CurrentTeam_TO,curr_CurrentTeam_Stl,curr_CurrentTeam_Blk,curr_CurrentTeam_PF,curr_CurrentTeam_Loc,curr_CurrentTeam_FG_Pct,curr_CurrentTeam_3P_Pct,curr_CurrentTeam_FT_Pct,curr_CurrentTeam_Reb,opp_OpponentTeam_Ast,opp_OpponentTeam_TO,opp_OpponentTeam_Stl,opp_OpponentTeam_Blk,opp_OpponentTeam_PF,opp_OpponentTeam_FG_Pct,opp_OpponentTeam_3P_Pct,opp_OpponentTeam_FT_Pct,opp_OpponentTeam_Reb
1101,10.689275,9.155362,7.3107247,1.3107249,15.155362,0.0,0.30185327,0.19307013,0.7751471,27.98029,14.223188,14.111594,5.0,5.645507,15.888406,0.46987,0.34779197,0.6631045,36.82058
1102,15.0,12.3447075,7.0,1.2689414,13.537883,0.0,0.49167553,0.43805242,0.77547914,16.61365,15.6552925,11.537883,7.0757656,1.0,16.462116,0.53565,0.3485907,0.8507395,29.88259
1103,6.925127,5.6659584,5.2578974,1.2858931,18.639812,0.0,0.38334236,0.21972094,0.7220023,28.1574,11.822195,12.1025915,2.4498518,4.5250773,11.748453,0.5078649,0.52754325,0.77569467,33.862755
1104,13.950181,10.734108,5.4560685,5.49923,18.953503,0.0,0.45327845,0.3866542,0.7040763,37.480232,12.843988,9.061319,7.180793,4.7679543,18.703623,0.41291037,0.3106655,0.7100102,33.70071
1105,16.0,14.0,6.0,3.0,17.0,0.0,0.3898305,0.35714287,0.7222222,29.0,14.0,17.0,2.0,2.0,14.0,0.50877196,0.46666667,0.7,43.0
1106,10.502213,12.457525,6.284732,3.7461991,20.904272,0.0,0.34380323,0.23521629,0.728368,35.669617,13.844864,15.126659,4.742257,0.6126619,14.107996,0.40985134,0.2564624,0.6902201,42.76092
1107,12.994481,10.20444,4.972369,1.3943344,15.50591,0.0,0.4251623,0.33356827,0.72790474,32.990696,11.98782,8.375216,5.5539436,4.1718087,15.007152,0.46074283,0.30227083,0.7327247,31.991207
1110,8.624158,16.857325,5.217564,0.20448089,17.020037,0.0,0.31016788,0.27482703,0.5956014,24.659798,13.145042,7.9605985,9.059438,1.5956231,14.826422,0.49806082,0.42219126,0.9166209,31.331705
1111,7.0,12.0,5.0,10.0,8.0,0.0,0.2580645,0.16666667,0.9375,42.0,10.0,9.0,10.0,4.0,14.0,0.3448276,0.3888889,0.7777778,29.0
1112,15.520631,12.161318,7.865829,5.103772,17.192621,0.0,0.44051307,0.31734484,0.70046204,37.91836,11.989749,11.386939,6.7872705,3.3635683,16.894156,0.40758237,0.27459034,0.70738274,33.208717
1113,15.227236,9.030772,4.367882,5.1029787,19.107056,0.0,0.53932714,0.46677017,0.6931299,28.911732,15.76118,8.968196,5.0392213,1.8998107,19.145512,0.41805026,0.41881013,0.7732749,30.406124
1114,9.394244,8.795683,6.9605756,0.5591366,18.236547,0.0,0.38190565,0.3260232,0.6950105,38.283165,16.039425,12.118274,4.078849,3.401439,16.835108,0.49298424,0.419099,0.61987925,41.24374
1115,10.0,13.0,5.0,5.5,17.5,0.0,0.35355917,0.29276314,0.8035714,31.5,8.5,10.5,4.0,4.5,17.0,0.4007737,0.2783883,0.61706346,37.5
1116,9.441273,9.837538,7.2778616,3.377013,18.602684,0.0,0.3879729,0.26236704,0.78857124,33.27458,12.609053,13.10292,5.811736,3.584546,18.930492,0.44713324,0.36258045,0.714859,32.86702
1120,13.067708,10.380228,4.408388,4.7838335,20.858221,0.0,0.43742445,0.33073032,0.6767518,34.522236,11.853204,8.350309,6.791948,4.315074,18.968256,0.43159524,0.3299417,0.73681337,31.102419
1122,6.07921,11.919046,7.9237385,0.02238236,22.92079,0.0,0.40770137,0.26630983,0.6754559,36.952286,22.88487,10.020908,7.8981385,8.93875,26.795073,0.5558691,0.37636718,0.77354735,41.0583
1124,13.362728,9.693382,7.054232,2.9232235,16.937365,0.0,0.47887686,0.3609988,0.6859169,30.18962,13.208294,12.367691,5.1862125,3.4630535,16.740425,0.4546186,0.32020795,0.7713276,27.567177
1125,14.169058,8.266172,4.0880322,3.6962204,14.703208,0.0,0.4679065,0.35208985,0.7345243,33.991276,12.448463,8.233248,4.896004,2.5901127,19.24536,0.42412385,0.30794412,0.6149646,39.624268
1127,9.0,18.0,9.0,4.0,21.0,0.0,0.5294118,0.46666667,0.2,20.0,21.0,15.0,6.0,3.0,14.0,0.49122807,0.45,0.84,38.0
1129,7.9632764,8.81887,4.820976,0.69503313,16.442085,0.0,0.35595003,0.19068192,0.7454349,35.468414,11.099909,10.016546,5.602803,1.8859689,14.85116,0.46042848,0.33017078,0.8731498,30.561842
1130,15.104482,13.211689,5.5198636,4.472154,17.158989,0.0,0.42105514,0.34071591,0.7835574,33.508923,15.684178,11.537912,6.6273837,3.93188,17.476944,0.45281985,0.36986026,0.77056676,33.06202
1131,10.0,12.0,6.0,3.0,16.0,0.0,0.3529412,0.36,0.6666667,25.0,19.0,14.0,5.0,1.0,13.0,0.50877196,0.45,0.625,40.0
1133,12.001496,10.016463,3.0134702,2.9955099,21.97755,0.0,0.42289627,0.42839772,0.666878,26.047894,9.00898,9.02694,3.0224504,4.9925165,18.01796,0.4260711,0.263606,0.96068233,36.010475
1136,7.0,13.0,11.0,5.0,24.0,0.0,0.43661973,0.16666667,0.6956522,32.0,19.0,15.0,6.0,4.0,20.0,0.47540984,0.42857143,0.8125,41.0
1137,12.869585,10.480839,4.63209,2.1972303,23.31876,0.0,0.42786568,0.49876538,0.7424626,29.756615,18.22475,10.748987,5.1766653,5.490562,20.285774,0.49699432,0.34623823,0.71050763,40.86048
1138,11.800614,13.345165,5.6799536,1.2456096,20.407108,0.0,0.4475772,0.35852948,0.68336517,34.322014,12.34381,12.065294,7.035732,3.5614548,18.5361,0.47358337,0.25646526,0.79487365,36.200165
1139,12.942624,10.029069,5.50523,2.3552146,17.991125,0.0,0.4630098,0.38961843,0.8021364,33.400196,12.580897,10.313,5.149914,3.1405504,17.53185,0.4453418,0.3233006,0.69142354,30.75184
1140,14.080583,10.873186,5.076826,2.0087447,18.093939,0.0,0.40548816,0.30693647,0.82180357,32.097157,12.653275,7.976212,6.2672853,6.230752,17.256319,0.46746007,0.3919295,0.71531165,27.505901
1141,11.5,19.5,8.5,1.5,16.5,0.0,0.45779544,0.44957983,0.7171429,32.0,17.0,16.0,10.5,7.5,19.5,0.5326923,0.5392157,0.72794116,29.0
1142,10.0,8.0,5.5,2.5,18.5,0.0,0.387762,0.28928572,0.60858583,31.0,14.5,12.5,3.5,3.5,20.0,0.47,0.3117409,0.6720779,36.5
1143,9.352216,14.515675,3.8991015,1.8057415,22.034435,0.0,0.41128552,0.2217915,0.6297689,36.774178,9.238391,11.558764,4.1537857,3.4281354,21.663717,0.47675917,0.26283002,0.7213307,32.453842
1148,8.0,12.0,4.0,3.0,12.0,0.0,0.35849056,0.3846154,0.9,27.0,14.0,10.0,5.0,2.0,5.0,0.5185185,0.55,0.6111111,35.0
1150,12.132622,17.734756,9.132622,2.7550814,18.755081,0.0,0.40957037,0.33151254,0.70578057,34.86738,15.132622,16.0,11.357215,5.734756,12.2652445,0.45987496,0.2683316,0.8312213,34.13262
1151,6.150357,10.251935,7.947781,0.097750895,20.913494,0.0,0.3301722,0.2623071,0.5162442,38.281845,13.495517,13.899776,5.2477207,4.0498214,15.992077,0.4003263,0.19783422,0.6003239,37.649612
1153,10.952433,8.622978,4.0802264,3.108123,15.246565,0.0,0.44014013,0.30378702,0.74339145,36.800335,12.212694,8.524479,4.308342,2.6290343,15.151731,0.4670671,0.38104513,0.710251,31.159624
1155,15.817228,9.054933,5.292501,3.0566149,19.55141,0.0,0.4701797,0.32927728,0.70132655,31.969069,11.757113,11.07115,5.6929927,3.5580113,16.14272,0.3821104,0.25504047,0.65915304,37.31015
1156,8.004933,13.972868,6.009866,3.985201,24.963001,0.0,0.38655373,0.39933512,0.6957761,19.059196,11.995067,9.027132,6.995067,7.004933,17.012333,0.47558048,0.2802401,0.75873363,33.995068
1157,10.510162,6.755081,6.8673778,1.3775407,15.887704,0.0,0.4590647,0.54193634,0.72502244,26.132622,14.755081,8.244919,4.6224594,2.5101628,12.887704,0.5349491,0.43126073,0.768877,32.979675
1158,13.256301,10.330647,8.306074,2.543631,20.56529,0.0,0.37895247,0.26607582,0.78141826,34.893024,15.324819,11.524887,4.7841024,3.891079,20.414995,0.5298878,0.4390597,0.62949514,31.536201
1159,10.705074,10.40525,8.233591,2.5073493,13.177897,0.0,0.43195358,0.310546,0.7757444,25.735611,16.74413,10.796633,6.825858,3.2633598,13.286892,0.5243964,0.48435023,0.73435867,33.417927
1160,19.817663,11.193013,6.0152764,2.3578203,15.0421295,0.0,0.5074962,0.403708,0.81961,28.273731,14.546137,10.021321,7.6612706,3.3831794,16.266775,0.48699045,0.3287719,0.7385304,28.20112
1161,11.334953,13.665802,3.2363672,1.6948059,16.897577,0.0,0.41253865,0.31008595,0.69423205,39.603363,6.1595917,7.8180423,6.277521,1.8938211,13.143798,0.35915607,0.15019988,0.68114996,29.493639
1163,18.972233,8.570949,5.3686852,5.2899213,16.155924,0.0,0.49220085,0.33085155,0.76895565,37.823082,8.590813,9.366774,5.1176925,2.6786714,14.9750805,0.36508945,0.28695595,0.7565168,27.42497
1164,9.0,11.0,2.0,6.0,22.0,0.0,0.4385965,0.23529412,0.46153846,34.0,10.0,11.0,7.0,3.0,16.0,0.34545454,0.25,0.8125,41.0
1165,10.378142,10.946392,6.176908,1.7873441,15.939953,0.0,0.4622449,0.36463803,0.71101207,30.30845,15.318417,10.923843,6.357049,3.5682495,16.402441,0.4882534,0.26526007,0.7163222,30.62894
1166,13.862337,10.73315,3.494493,3.1712542,13.861215,0.0,0.4598578,0.3699234,0.8488217,34.61128,10.968006,7.3976073,4.272073,3.176702,16.607347,0.41230902,0.30804563,0.72596467,33.071968
1167,15.0,14.0,6.0,3.0,22.0,0.0,0.44827586,0.2777778,0.78571427,35.0,15.0,10.0,7.0,7.0,15.0,0.5,0.55,0.6,31.0
1168,9.64027,9.07678,7.4052663,1.4756265,11.67954,0.0,0.373203,0.28558585,0.940076,28.71384,19.6834,12.526781,5.882498,9.2829485,11.833751,0.5019908,0.40891308,0.9644843,36.964092
1169,10.0,17.0,8.0,2.0,18.0,0.0,0.44444445,0.3888889,0.75,32.0,19.0,14.0,14.0,3.0,16.0,0.4915254,0.39285713,0.5714286,35.0
1172,13.723166,7.26745,2.850229,2.9304874,18.398554,0.0,0.46026212,0.38599133,0.60760194,28.95746,12.640893,7.361198,4.2218246,3.9084232,14.59261,0.4778194,0.24133947,0.7414199,33.800133
1173,12.458757,12.828477,7.4617033,2.5096674,15.661902,0.0,0.42917067,0.35588315,0.8572734,25.667326,14.751377,13.034096,8.303931,4.0210342,16.089592,0.47543705,0.3778811,0.6055463,29.598152
1174,8.964027,9.964027,7.9280553,1.9820138,15.071945,0.0,0.4386265,0.15449655,0.81172174,21.053959,16.0,10.071945,4.9820137,2.0,14.233821,0.50956976,0.4654014,0.91672665,31.197847
1175,10.0,11.0,3.0,1.0,23.0,0.0,0.3653846,0.33333334,0.5,30.0,9.0,8.0,5.0,6.0,15.0,0.41025642,0.3,0.6551724,32.0
1177,12.5,9.5,2.5,1.5,19.5,0.0,0.37288135,0.35897437,0.6721154,42.0,13.0,7.5,5.0,4.0,22.0,0.38755274,0.23125,0.5869565,47.0
1178,9.0,14.0,9.0,3.0,21.0,0.0,0.31746033,0.1764706,0.5,41.0,12.0,14.0,6.0,5.0,17.0,0.46,0.3125,0.6086956,40.0
1179,15.809607,8.809337,5.570518,3.0001633,19.431059,0.0,0.39758587,0.3216952,0.547636,30.726698,10.554506,9.463473,5.590836,3.7658153,12.085743,0.36695063,0.39642453,0.72307587,36.348583
1180,10.0,9.0,2.0,3.0,10.0,0.0,0.30645162,0.35,1.0,29.0,19.0,5.0,5.0,3.0,11.0,0.5714286,0.2857143,0.5,38.0
1181,12.07232,8.159928,5.967766,4.499393,13.831273,0.0,0.4009481,0.3081489,0.6422863,29.726812,11.728511,9.522242,5.100391,4.381458,14.931676,0.4046795,0.29101408,0.64883375,30.175636
1182,13.5,9.0,5.5,4.0,17.0,0.0,0.4370609,0.34150326,0.775,26.0,16.5,9.0,6.0,1.5,15.0,0.4895926,0.33333334,0.7941176,31.5
1184,14.0,7.367679,8.083993,1.0,20.757336,0.0,0.38911828,0.38320655,0.8005887,19.083694,17.138987,14.231997,2.2196758,6.9389954,13.793998,0.6040862,0.015324089,0.66342515,42.726982
1186,17.431194,11.858137,2.0485795,3.904779,17.18928,0.0,0.49552676,0.38157535,0.8878269,28.952196,19.524864,5.428688,6.9061356,3.0003877,16.094833,0.48087576,0.40369794,0.8080547,32.190636
1190,11.969789,16.7569,9.010648,0.08878069,19.073795,0.0,0.40026394,0.36756408,0.597496,32.452797,16.322054,15.029882,11.746721,4.1980624,12.430608,0.48163342,0.32305193,0.7740968,38.347946
1192,11.872561,11.473908,7.0752077,2.924755,16.066544,0.0,0.42162186,0.33604455,0.77509123,33.16433,16.690556,12.316679,6.549004,3.6559875,16.608112,0.40456548,0.20675437,0.75388795,35.62226
1194,12.256073,13.930971,5.390283,3.6463563,15.345547,0.0,0.41710335,0.2975079,0.74068964,36.60972,13.532591,9.743927,7.788664,1.7520243,15.707288,0.41236562,0.35374218,0.6768176,33.43502
1195,17.869871,13.987577,6.3617115,3.0344636,19.98564,0.0,0.47067308,0.29130107,0.64610076,36.991516,15.046886,11.932965,8.768417,6.655498,20.517733,0.44874755,0.26163504,0.6479403,40.28132
1196,16.940918,10.823429,7.295294,4.302015,19.989336,0.0,0.50329345,0.38825002,0.8110213,30.359558,19.427153,10.851506,6.6641617,1.5384046,18.20938,0.5304341,0.45697102,0.79442257,28.997868
1197,12.691439,13.462842,7.388527,2.5371578,23.222946,0.0,0.4446582,0.26554525,0.44050214,40.30291,12.314212,12.851369,5.771404,2.6171231,17.154282,0.40027305,0.30147982,0.7328773,42.0
1199,13.144168,12.793209,7.431389,5.209922,18.387587,0.0,0.45730707,0.23801002,0.7647707,33.0086,12.855349,12.247257,5.3747554,2.5258546,17.352385,0.3920231,0.3077089,0.6637903,32.407124
1201,8.0,14.0,15.0,3.0,23.0,0.0,0.49056605,0.3888889,0.8333333,15.0,16.0,20.0,11.0,1.0,11.0,0.54,0.3888889,0.8636364,38.0
1202,9.0,9.0,3.5,3.0,17.0,0.0,0.35642856,0.29395604,0.7573099,22.0,15.0,9.0,4.5,6.5,15.5,0.4722222,0.23333333,0.77922076,36.0
1203,8.227249,10.389329,8.76395,2.1046536,16.330076,0.0,0.43956387,0.17692709,0.585419,33.213287,18.899647,12.176437,7.7946696,4.0126543,20.025665,0.4906869,0.28322875,0.68989646,36.201904
1205,10.0,16.0,5.0,2.0,16.0,0.0,0.44,0.39130434,0.75,21.0,12.0,15.0,10.0,3.0,9.0,0.5185185,0.3043478,0.61538464,35.0
1206,11.79146,12.456522,4.3964148,2.2181823,15.394184,0.0,0.41949204,0.34981894,0.7200368,32.98553,15.711561,9.681761,5.8985744,3.4499717,15.498702,0.47169343,0.44195232,0.653989,35.020664
1207,11.896015,12.047395,5.0171976,3.8077447,16.787878,0.0,0.4066834,0.34003145,0.73031044,26.093029,24.761139,10.788811,3.1037197,2.9292526,17.001816,0.5870718,0.6112999,0.8417564,26.436806
1208,8.167932,12.400161,3.8838854,1.9097941,18.381039,0.0,0.35165268,0.3021535,0.79408455,41.850388,16.889723,8.509633,7.7936797,2.7159536,21.39257,0.4526991,0.3680971,0.61744815,34.14786
1209,10.147145,7.1907663,5.4867544,4.2432623,21.525284,0.0,0.3372458,0.3493548,0.8073051,32.82208,21.579918,8.171364,4.7698317,7.4794183,16.480198,0.49916986,0.28707337,0.6085392,51.102634
1210,10.024595,12.041736,6.0378222,4.9577775,19.00951,0.0,0.5728431,0.29926106,0.6022453,16.192127,17.958826,9.053431,5.024858,0.026543366,9.10384,0.47167543,0.40652788,0.66709596,28.979397
1211,16.705727,10.4552145,4.419918,3.5326924,15.139676,0.0,0.49794054,0.36691362,0.6671438,36.910282,15.144098,7.8152733,5.256411,2.8672035,16.932487,0.42178905,0.34315526,0.69315207,30.981459
1212,11.0,8.0,7.0,5.0,16.5,0.0,0.4318182,0.325,0.74130434,28.0,20.5,10.0,6.5,4.0,12.0,0.49590883,0.40416667,0.5621212,36.5
1213,9.157038,10.240791,7.74834,6.323203,17.022215,0.0,0.3911783,0.23511662,0.69783187,30.326761,14.375614,11.173476,7.609288,5.7218966,21.007788,0.42480242,0.32602316,0.6915294,38.587074
1214,7.6976852,10.272586,4.469852,1.6283271,16.22033,0.0,0.3502637,0.2583617,0.7178585,32.541836,17.261017,10.424211,5.2264175,5.320843,17.836636,0.47869304,0.36882848,0.64377266,41.781464
1216,11.0,24.0,5.0,7.0,15.0,0.0,0.35185185,0.22727273,0.8,30.0,16.0,10.0,15.0,6.0,16.0,0.41333333,0.33333334,0.6,42.0
1217,9.740401,9.743839,5.808275,2.2417443,16.583681,0.0,0.40646634,0.3663737,0.77994496,29.227327,11.970501,13.359283,5.9172025,2.6687062,18.880846,0.4837258,0.4783705,0.6843571,34.965504
1218,10.5,10.0,2.5,2.0,23.5,0.0,0.4239011,0.21240601,0.73333335,35.5,7.0,13.5,4.0,4.0,21.0,0.43452382,0.10672515,0.77853596,37.0
1221,10.002988,12.041917,3.0338652,1.491347,15.047893,0.0,0.40644068,0.30924016,0.56922436,28.512388,12.492841,8.056691,2.5369985,3.9937334,17.523428,0.4748852,0.22493014,0.75014883,38.43644
1222,13.491475,9.034885,6.0458746,5.4245515,16.906248,0.0,0.45128843,0.3217394,0.6916145,32.344093,9.607932,9.743044,4.161485,2.0920374,15.563685,0.33059704,0.2632347,0.67092395,25.689686
1224,14.887703,11.152947,6.1326222,1.0,12.755081,0.0,0.3867558,0.2995321,0.73042005,28.510162,18.265244,9.510162,8.020326,5.755081,14.112297,0.52473384,0.4473705,0.66526824,30.775406
1227,10.0,15.0,9.0,0.0,25.0,0.0,0.3125,0.1875,0.71428573,26.0,18.0,25.0,6.0,8.0,19.0,0.61538464,0.41666666,0.625,41.0
1228,14.894581,10.415503,5.931514,3.5152867,14.41102,0.0,0.43853635,0.31304735,0.66965026,32.19784,12.454332,8.389618,7.473524,3.4876316,17.430687,0.41646487,0.31615943,0.7504284,32.256893
1231,11.028221,9.814752,5.535071,5.201637,16.142353,0.0,0.42036697,0.28395683,0.70122087,32.287598,11.88468,11.650012,5.9689403,2.9759848,13.907655,0.4309973,0.3720956,0.6814822,37.442013
1232,13.0,14.0,7.0,1.0,24.0,0.0,0.4,0.33333334,0.64285713,25.0,17.0,15.0,8.0,4.0,16.0,0.52272725,0.4375,0.7741935,35.0
1233,9.40862,8.982894,6.709835,4.001634,14.824737,0.0,0.39357778,0.3665801,0.77047074,25.63977,19.765253,10.02889,5.5226045,3.9350545,15.384918,0.4854157,0.40056863,0.75791883,42.014008
1234,14.083773,8.848143,4.6082616,3.0832393,16.88337,0.0,0.430313,0.29935783,0.7204576,34.302387,15.922406,8.80582,5.24526,4.3285894,16.879356,0.46096006,0.34096515,0.7661111,32.860313
1235,13.914414,9.041626,9.005951,3.1339934,18.147861,0.0,0.41014385,0.37338015,0.7014676,30.712088,12.909428,13.442333,5.8533115,4.161577,15.694915,0.40686813,0.2920284,0.72513384,31.830513
1237,10.0,19.0,7.0,1.0,15.0,0.0,0.36666667,0.26666668,0.72727275,33.0,22.0,13.0,7.0,4.0,17.0,0.61538464,0.5,0.45454547,35.0
1238,10.0,8.0,8.0,1.0,20.0,0.0,0.36231884,0.27272728,0.9285714,19.0,27.0,12.0,5.0,6.0,13.0,0.5890411,0.35714287,0.5925926,62.0
1240,9.379291,8.455149,6.544851,1.5310073,20.468992,0.0,0.32577655,0.33565074,0.8364941,30.393135,22.317276,9.696568,2.3792908,9.620709,16.620708,0.4474735,0.37183926,0.68969953,45.241417
1241,9.510176,12.491859,9.469474,5.0061054,18.5,0.0,0.39554626,0.25864103,0.63240814,32.50407,17.485754,12.489824,8.98372,3.4938948,17.469475,0.4481525,0.4398613,0.6874052,33.014244
1242,17.241411,10.699841,6.1683316,4.664136,16.811958,0.0,0.4760855,0.37329003,0.68389404,35.68722,15.137967,10.585953,5.0033813,3.1766248,16.67436,0.42587703,0.35328034,0.7150025,32.651432
1243,17.642277,9.988499,10.341018,2.7046413,19.499424,0.0,0.5073692,0.34879354,0.7296496,23.882322,14.625633,16.165962,5.209352,3.5580707,16.151552,0.45854682,0.3497379,0.73626024,33.13145
1244,12.0,11.0,5.0,1.0,21.0,0.0,0.421875,0.2631579,0.61538464,33.0,16.0,10.0,6.0,4.0,17.0,0.46153846,0.16666667,0.73333335,34.0
1245,10.951749,8.958593,5.8599305,3.8082726,12.286759,0.0,0.32445562,0.33691764,0.74998003,35.997593,14.523136,6.959894,3.908902,6.810433,12.954187,0.4753566,0.3639144,0.72580194,38.71194
1246,13.680364,11.918015,4.6980844,4.237435,16.355724,0.0,0.42180398,0.28589857,0.7415139,39.723225,13.889224,8.790105,6.2058115,2.3893254,18.703503,0.42100343,0.3516013,0.6708082,31.000662
1247,12.5,9.75,5.25,3.0,15.25,0.0,0.47731912,0.4232229,0.7170139,27.75,13.0,10.0,4.5,5.0,14.5,0.45889258,0.33094355,0.6125117,38.0
1248,15.0,15.0,2.0,1.0,11.0,0.0,0.38181818,0.22222222,0.85714287,25.0,22.0,8.0,8.0,6.0,10.0,0.6315789,0.5,0.6666667,33.0
1249,6.0,7.0,3.0,2.0,17.0,0.0,0.33333334,0.30769232,0.71428573,40.0,16.0,5.0,3.0,3.0,19.0,0.5,0.36363637,0.7083333,34.0
1250,8.493213,8.839931,6.426753,3.1541698,20.221476,0.0,0.37924185,0.25542971,0.68602043,34.745388,11.086865,13.565572,4.1175675,5.4829154,20.07236,0.44761887,0.360655,0.6732974,42.28026
1251,12.660782,13.841475,5.2910447,5.0702043,19.011938,0.0,0.3953589,0.3900349,0.7953626,30.2104,7.5699286,11.479984,8.75967,5.9196935,17.440289,0.42460322,0.28668925,0.7206495,34.14042
1252,14.0,13.0,9.0,2.0,18.0,0.0,0.359375,0.25,0.8666667,29.0,19.0,18.0,8.0,2.0,17.0,0.51666665,0.4090909,0.7222222,47.0
1253,11.004944,12.007619,5.9991884,2.9975278,14.014187,0.0,0.33360645,0.17673251,0.6362189,43.976974,19.001217,9.011752,9.9903145,7.996716,16.998137,0.41690767,0.37136424,0.7059902,43.96766
1254,12.886111,14.562936,3.618965,0.26799658,18.353823,0.0,0.3804731,0.27179423,0.69469887,31.87969,17.275318,14.66688,5.7101316,2.6872954,22.144537,0.47957352,0.34715405,0.69058776,38.700626
1255,10.613648,17.193176,5.344707,1.0,15.193175,0.0,0.35306877,0.2542781,0.9054104,16.151531,19.496239,9.075766,12.268942,3.9242344,13.268942,0.5889652,0.5065192,0.6275829,28.0
1257,13.430542,8.046524,5.0674353,3.13329,18.205954,0.0,0.4538295,0.33340847,0.7755269,34.70882,11.195316,9.755845,3.4371974,3.665871,16.40239,0.46635404,0.38904855,0.7381019,31.687344
1259,9.0,12.0,6.0,8.0,24.0,0.0,0.35185185,0.2857143,0.77272725,24.0,11.0,18.0,6.0,8.0,19.0,0.44827586,0.35714287,0.8076923,49.0
1260,14.6236725,11.034372,7.068828,2.269542,16.027952,0.0,0.402884,0.32784376,0.5809044,28.663797,10.108988,13.043012,6.230083,3.688164,16.596437,0.45196134,0.24718441,0.7623854,28.625023
1261,10.333034,10.991582,5.219266,3.2596846,15.317952,0.0,0.3901621,0.26425728,0.7458991,34.03573,14.796654,8.616341,7.1535373,4.645146,16.746546,0.3988744,0.30046862,0.74334913,32.068165
1264,13.488682,16.200262,6.138874,3.751102,25.718084,0.0,0.4013444,0.37577176,0.6264621,37.194157,16.190262,13.245915,7.866155,4.8844657,18.616827,0.44307855,0.38256365,0.63972545,38.850536
1266,15.13128,10.364774,7.392608,5.248886,12.67009,0.0,0.45743933,0.34028062,0.5669992,30.472322,16.806782,12.579016,6.0855904,3.0777547,14.422226,0.44750488,0.3229975,0.7127023,34.90644
1267,14.5,13.5,10.0,3.5,15.5,0.0,0.42976192,0.4264214,0.72077924,27.0,18.0,15.5,6.5,2.5,20.0,0.4576923,0.37793103,0.82679737,42.0
1268,10.703774,11.333502,6.257347,4.460568,16.78005,0.0,0.4493463,0.28504223,0.6265999,27.146767,9.561499,9.759743,6.6744447,3.344242,18.627707,0.40366682,0.3586227,0.76332337,34.41638
1269,12.0,13.0,8.0,1.0,21.0,0.0,0.42424244,0.27272728,0.72727275,33.0,16.0,12.0,8.0,3.0,13.0,0.53571427,0.14285715,0.7741935,37.0
1270,10.0,6.0,7.0,2.0,16.0,0.0,0.33333334,0.22727273,0.7368421,31.0,22.0,13.0,4.0,2.0,16.0,0.51666665,0.47619048,0.7777778,38.0
1272,11.601944,9.137017,4.6973963,2.5069952,16.684593,0.0,0.44083944,0.2946138,0.74216473,34.868988,12.2410755,7.2997694,3.9739938,2.2986932,13.889004,0.40319657,0.29867882,0.66579074,34.69073
1273,13.5,7.0,3.0,2.0,18.0,0.0,0.5041929,0.37412587,0.79960316,23.0,15.0,9.5,4.0,0.5,18.0,0.4228739,0.33906633,0.90384614,38.0
1274,12.489648,9.111432,7.955352,3.0975878,13.603861,0.0,0.44098347,0.3036352,0.7886026,31.942455,15.81206,12.28494,4.8703437,4.097418,16.82235,0.42995656,0.32056767,0.65506226,33.754063
1275,10.0,7.0,1.0,4.0,15.0,0.0,0.47727272,0.35,0.7,24.0,10.0,5.0,3.0,1.0,12.0,0.4318182,0.3125,0.88235295,24.0
1276,14.772857,11.308929,4.3735743,3.9744043,13.264845,0.0,0.46041304,0.31883293,0.7168809,34.301746,11.309803,8.663603,6.4183264,3.0787005,17.334118,0.390128,0.25026935,0.80168813,29.699339
1277,12.149122,10.546812,4.9364195,3.3696485,16.504469,0.0,0.46451482,0.3665606,0.7702442,33.23755,13.948211,9.696348,5.511403,3.1733725,15.863006,0.44393182,0.35875174,0.6982262,28.670225
1278,9.755997,6.1832776,5.815234,2.1878152,15.539748,0.0,0.41289517,0.26498944,0.7668777,26.852196,16.246534,12.693888,3.2929556,1.7697337,19.915531,0.49922186,0.39659142,0.78037065,39.36282
1279,16.426794,10.344964,2.5122168,2.81061,22.753376,0.0,0.44959912,0.32588422,0.7110324,32.909805,15.670898,6.2240596,8.435587,2.4518754,14.413449,0.5411722,0.45355386,0.776195,32.772182
1280,13.258881,13.901713,6.028135,3.0123138,14.054183,0.0,0.37956426,0.24304561,0.5907835,30.860052,12.661431,10.340475,6.8524766,3.2623074,13.928273,0.45817906,0.4508083,0.74784726,30.484756
1281,12.744058,8.257922,7.4455075,2.776015,16.908669,0.0,0.4431589,0.3468501,0.8241796,28.190924,14.118752,10.676227,3.896605,3.2482607,11.222529,0.44892663,0.30320913,0.7201498,35.36184
1284,15.800869,14.043769,4.888406,5.4901443,14.621449,0.0,0.3859682,0.3135869,0.7239223,32.247246,8.864348,13.621449,9.043769,2.5776813,13.844638,0.34054008,0.28736302,0.6911076,41.932175
1285,8.81223,10.895171,7.5248475,2.7045534,19.747421,0.0,0.32694474,0.23076606,0.70286965,31.045628,13.746222,12.517171,5.4196477,1.9796153,13.847488,0.4748556,0.30943483,0.7341955,37.870174
1286,16.02592,12.467598,7.9475093,2.6273525,17.209316,0.0,0.4753347,0.369353,0.58181494,23.545362,16.307844,12.107911,6.9215875,3.8791277,15.359687,0.55618817,0.3963053,0.7542575,31.502903
1287,14.168212,8.213215,6.455205,0.9153229,13.1845875,0.0,0.42172343,0.3955036,0.7143589,25.22461,22.51462,8.465767,5.9228,6.4490795,10.29461,0.535836,0.46802863,0.7462909,33.797543
1288,5.6427846,10.112297,7.132622,4.734756,22.755081,0.0,0.29154527,0.19677192,0.531123,37.24492,18.112297,11.265244,6.244919,4.755081,14.112297,0.48566687,0.29183605,0.7379463,47.489838
1290,11.403985,16.284782,10.523189,7.642391,22.211956,0.0,0.34114388,0.16865942,0.44009662,32.238407,11.192029,26.092752,7.0,9.476811,16.927174,0.3263862,0.15778081,0.5938186,59.046375
1291,9.724631,9.619988,1.9943084,6.0191536,12.519348,0.0,0.40022376,0.29667497,0.5344905,31.311817,9.918285,6.984478,3.175279,2.0875533,14.714933,0.4198912,0.38277915,0.55942774,35.27975
1292,15.06734,9.959582,4.6609316,2.2851894,18.124964,0.0,0.44735503,0.40240926,0.6711031,31.955837,15.780705,10.006008,4.982795,3.8480802,17.570343,0.50923854,0.42318392,0.7449947,29.000034
1293,14.80121,11.529686,6.5074067,4.019566,20.495743,0.0,0.41760224,0.33252463,0.6687717,35.11646,12.555789,9.118769,6.8437057,6.1694117,22.092283,0.44147366,0.2655985,0.69576496,35.37448
1294,8.0,9.0,2.0,0.0,7.0,0.0,0.3392857,0.36363637,0.5,33.0,11.0,4.0,5.0,5.0,8.0,0.4090909,0.4090909,0.625,45.0
1295,9.163284,9.775112,0.83197194,2.640501,16.111057,0.0,0.42840144,0.36562437,0.81387275,31.138372,15.21339,7.6163116,3.229985,4.262303,16.694086,0.46225065,0.41785595,0.7261398,37.791283
1297,7.624821,8.183962,8.531384,1.3124105,12.991076,0.0,0.2896745,0.16430366,0.8832526,32.291653,13.528966,13.573394,3.5408008,4.666831,13.471034,0.49254903,0.25866643,0.8595968,36.69292
1299,8.5,17.5,7.0,2.0,18.5,0.0,0.46693245,0.4097222,0.6894737,26.5,14.5,13.0,12.0,2.5,15.0,0.5,0.3423913,0.739899,30.5
1300,14.199226,10.64986,3.383282,1.7619717,18.236294,0.0,0.3770065,0.25527367,0.76113284,37.484768,11.832206,10.625857,2.9796607,4.1967278,13.231245,0.44983098,0.369586,0.8146122,34.70654
1301,13.506999,8.702086,5.744044,3.996476,15.479447,0.0,0.4441935,0.31208205,0.71779984,34.749393,12.317428,9.21472,4.4475064,3.8440762,15.682788,0.37450653,0.25778005,0.79239553,33.501556
1304,14.946457,10.006693,5.0267715,2.0334642,17.0937,0.0,0.45741495,0.3173271,0.9147146,24.006693,15.95315,8.026772,3.0267713,5.9732285,20.966536,0.49236748,0.5624641,0.7502789,36.00669
1305,14.552303,11.230378,6.1454945,1.6498704,15.687587,0.0,0.4461141,0.38037175,0.64648867,26.560541,17.160347,9.592864,6.080038,2.8506565,15.290572,0.5179066,0.44469863,0.798918,28.553257
1307,6.104535,12.966771,4.0274553,2.0083098,16.007809,0.0,0.29857287,0.13213101,0.6518006,38.93153,15.9207,9.042083,6.9774313,4.0010653,19.981686,0.44437948,0.33530158,0.7359651,37.896973
1308,10.831314,12.295477,4.2894692,2.4045362,15.786159,0.0,0.40775567,0.41411212,0.7791342,29.781803,12.591652,9.620058,8.253255,2.7343593,16.404854,0.3841698,0.28421116,0.8703482,26.771692
1309,12.0,14.0,10.0,2.0,18.0,0.0,0.537037,0.11111111,0.5833333,28.0,14.0,16.0,6.0,1.0,13.0,0.5319149,0.5263158,0.53846157,25.0
1310,9.888406,16.0,8.422318,1.5776812,16.844637,0.0,0.3526862,0.20287804,0.73707277,41.645508,20.223188,12.733044,9.844638,4.6892753,24.13565,0.49102637,0.384774,0.52628493,46.310726
1313,8.661695,10.3504095,7.3408656,1.5569245,15.386724,0.0,0.3217114,0.30091208,0.74577814,24.605343,20.125738,10.820255,6.2663574,4.903843,12.647029,0.4831614,0.3720666,0.75866383,37.92456
1314,14.859393,9.08134,4.965639,4.017714,15.1985035,0.0,0.44558412,0.3787007,0.78458714,39.743835,10.606694,8.960194,5.2097583,4.283255,16.950808,0.42084122,0.3529702,0.67198133,31.119667
1315,18.0,6.0,6.0,2.0,23.0,0.0,0.46376812,0.45454547,0.5,31.0,14.0,7.0,3.0,3.0,18.0,0.58064514,0.36363637,0.85714287,40.0
1316,15.0,19.0,1.0,4.0,23.0,0.0,0.48076922,0.4090909,0.6923077,42.0,11.0,5.0,12.0,2.0,21.0,0.4516129,0.25,0.6363636,31.0
1317,12.989354,7.0238023,2.9993262,1.9972879,15.507378,0.0,0.43890926,0.3679324,0.89128673,27.021528,15.990027,8.009753,4.0111012,3.5152955,14.523449,0.45802268,0.39990914,0.74581677,31.523466
1318,7.9536233,10.715218,7.2847824,2.6423912,12.0,0.0,0.30575907,0.22125211,0.75596017,27.715218,12.83442,11.403985,6.357609,4.0,18.284782,0.5594143,0.36002415,0.89348835,41.66232
1320,10.672104,10.448772,5.5775166,2.2411666,20.161474,0.0,0.43263683,0.38588905,0.822114,31.595108,10.414457,10.743669,3.468118,2.7551105,20.688784,0.44656807,0.35320777,0.65302706,35.178413
1321,12.46235,9.119687,7.582787,0.35161215,15.499724,0.0,0.41058922,0.3158671,0.85743123,31.582273,15.269101,11.61945,5.823187,4.952612,15.222187,0.45631185,0.22617953,0.73810613,32.379288
1322,9.34173,15.142387,2.3417299,3.0284774,19.199343,0.0,0.3612858,0.19650756,0.71969104,26.56955,12.857613,8.4841175,9.914568,2.0854325,12.22782,0.47197855,0.33290187,0.6177394,42.373497
1323,12.664136,11.2628565,6.1187963,1.9732759,11.67198,0.0,0.4618137,0.4145502,0.72564924,29.973938,15.724163,11.383602,5.904793,4.518509,15.015956,0.42736444,0.3383223,0.6889035,34.846134
1324,14.495051,6.0063205,4.5035453,2.0002205,15.505415,0.0,0.3901902,0.41313493,0.64938235,34.50134,17.99726,9.503254,3.0042746,5.5003915,17.001696,0.43975395,0.3338861,0.75000864,40.998863
1325,12.033114,11.4883585,3.1222084,1.5107375,13.095498,0.0,0.3702135,0.2721163,0.74668103,36.316345,11.059321,7.166645,4.9852276,4.5012937,14.5372505,0.40077785,0.34188867,0.7451368,31.684036
1326,10.690669,14.030896,5.1215053,3.6694105,17.061563,0.0,0.41940165,0.2325745,0.6674018,36.710903,10.964526,10.111738,8.264982,1.6879718,16.762209,0.37768584,0.3189683,0.64796406,29.199545
1328,12.207585,9.22854,5.0140038,4.6799374,16.849295,0.0,0.4553542,0.381158,0.7368963,30.529322,13.518527,9.149022,5.564924,3.2339864,15.979703,0.44379187,0.36738884,0.75098425,33.22469
1329,7.403532,10.110507,9.057905,4.2460637,22.922874,0.0,0.3632519,0.26700968,0.69639677,31.636312,10.197141,15.620001,4.671127,8.561856,22.20991,0.40597993,0.35595706,0.83448136,38.094944
1330,4.2802315,9.157826,7.0604944,4.8882885,19.819262,0.0,0.27379236,0.24389793,0.98917806,40.5504,12.011132,11.082568,4.143146,2.0265222,12.269538,0.37941167,0.2998908,0.66974044,44.500954
1331,11.9232025,9.525489,5.7974763,3.2518742,10.973834,0.0,0.3601409,0.2772799,0.71208364,27.65231,13.175969,11.670954,6.125192,4.7751093,16.39851,0.4683095,0.29140726,0.6919704,41.30113
1332,14.845903,9.506487,6.123911,4.846971,14.438681,0.0,0.48879418,0.38235068,0.79280454,34.810078,15.846833,10.13925,4.7771482,3.690227,16.050552,0.42702964,0.40291438,0.76803565,32.734924
1333,13.510055,11.634376,3.7751358,4.9396744,18.265081,0.0,0.442901,0.38451076,0.73957527,36.32908,12.265081,7.8354616,6.9195657,2.7751358,19.224865,0.3231551,0.26397252,0.7044587,32.40584
1334,9.601347,13.872783,2.1808987,1.0277283,16.20304,0.0,0.34224337,0.3503886,0.39306375,28.417734,12.37874,10.893929,7.0647516,3.8803053,14.308276,0.46327072,0.5262735,0.8538013,40.347878
1335,15.954879,11.001357,4.0028787,1.9923939,13.054296,0.0,0.39254653,0.378529,0.35990047,32.937817,11.0076885,8.025414,7.9761558,5.992658,13.997593,0.4428851,0.41148037,0.8804677,40.98963
1336,10.002476,7.0024757,4.0,0.99876213,11.501857,0.0,0.44944447,0.43829033,0.772596,28.496906,9.500619,7.5030947,3.5030947,2.0037136,13.998762,0.42367184,0.18563457,0.73879486,34.491955
1338,10.353921,9.348934,5.0012326,4.2996817,16.360048,0.0,0.37293935,0.36096537,0.7028478,33.37667,14.173987,9.973895,5.0294514,3.6343656,20.15718,0.3634957,0.2299507,0.63746583,36.943806
1340,11.622459,12.887703,6.755081,2.3775406,18.0,0.0,0.44184983,0.37304202,0.54199785,24.775406,15.397866,8.510162,6.8877034,2.3775406,16.244919,0.538527,0.44330767,0.55657744,35.510162
1341,17.0,12.0,9.0,1.0,19.0,0.0,0.4375,0.53571427,0.71428573,27.0,12.0,17.0,1.0,8.0,10.0,0.54545456,0.42857143,0.68421054,40.0
1343,12.668273,8.342279,4.298268,3.3430429,13.670044,0.0,0.4336537,0.31634793,0.6722584,33.65093,12.622563,10.5892515,4.6560225,3.0031993,14.241239,0.46984053,0.27995345,0.79234934,33.371113
1344,13.205798,7.95792,4.9575605,2.031969,16.32342,0.0,0.4001405,0.30949286,0.6905398,31.638609,9.776912,9.339082,4.668529,5.4840198,12.768591,0.38961643,0.22765085,0.6532837,35.75479
1345,17.176813,10.830323,4.0981593,3.1933522,11.869188,0.0,0.46606144,0.32968953,0.7418469,37.563816,12.901932,7.423849,6.517612,3.4220643,18.974607,0.4062984,0.31186262,0.71665645,25.842543
1347,13.4751425,14.022096,6.0165715,2.5193334,19.983429,0.0,0.40605173,0.34286648,0.75179875,34.57457,16.502762,13.988953,5.033143,2.530381,17.475143,0.48787975,0.39367175,0.741195,33.14362
1348,13.801067,9.5,5.8213925,3.1224594,18.18877,0.0,0.42536825,0.32437143,0.6185215,34.24492,14.112297,13.433689,4.6887703,2.8112297,16.68877,0.47404352,0.3504894,0.70888215,41.602135
1350,11.507619,8.489797,3.010082,3.5072515,13.51101,0.0,0.40882096,0.17097959,0.6281885,27.5105,15.9754715,7.511929,4.497726,2.9979718,16.486662,0.44119805,0.3761326,0.76732725,35.02201
1352,11.9394,7.046627,9.01515,1.6476971,19.415337,0.0,0.4073827,0.28189027,0.5767098,29.67674,20.866905,14.921736,4.393241,3.761951,15.623086,0.5451655,0.43294686,0.6063791,40.724785
1353,16.792696,13.0,3.192549,4.9037256,15.274069,0.0,0.4583861,0.37708223,0.6895057,35.792698,14.533382,7.7406864,6.822206,2.8222058,11.014755,0.43195218,0.3289028,0.66527575,29.274069
1354,8.0,18.0,7.0,2.0,23.0,0.0,0.40384614,0.3,0.75,29.0,16.0,14.0,8.0,3.0,12.0,0.46153846,0.5555556,0.5416667,35.0
1355,13.779535,13.580986,4.709776,2.5333586,12.72307,0.0,0.41730782,0.38367817,0.77512074,26.105038,19.708315,9.054795,9.747094,3.2259488,14.216748,0.52071357,0.43797228,0.6824216,30.689512
1356,11.436791,13.362554,6.772597,2.1638973,19.907566,0.0,0.41571334,0.33658627,0.67955965,29.320625,10.2818985,15.948504,6.338321,1.4494741,18.063856,0.44779238,0.21849765,0.6549346,30.558512
1358,19.706879,11.146561,6.8241267,1.0879366,19.882751,0.0,0.3380916,0.1976458,0.54059106,37.0,18.175873,13.882751,7.9413757,2.0293121,17.912064,0.44313762,0.2562812,0.6448419,46.794815
1359,23.0,7.0,7.0,1.0,20.0,0.0,0.41095892,0.43243244,0.5652174,30.0,25.0,17.0,5.0,7.0,21.0,0.6034483,0.33333334,0.6296296,41.0
1360,11.802877,13.881726,9.243741,2.8817267,20.40144,0.0,0.45658305,0.29693365,0.5968538,30.95338,12.637985,14.480288,8.802877,5.1182733,17.756258,0.45579237,0.4333933,0.779075,36.19712
1361,11.148415,11.071377,6.6789064,4.3474393,17.044456,0.0,0.42051098,0.3169303,0.6720896,34.05716,11.167866,11.549505,6.730051,2.3392012,16.144657,0.395429,0.2976902,0.7875224,32.342937
1362,10.0,8.0,7.0,6.0,24.0,0.0,0.47058824,0.25714287,0.6363636,32.0,17.0,11.0,5.0,1.0,21.0,0.484375,0.2857143,0.6857143,42.0
1364,12.796159,10.664943,2.7423544,1.5410311,15.27287,0.0,0.44666156,0.24690348,0.69300914,25.775724,15.087098,8.73726,4.7426805,1.5501834,13.2706785,0.52184165,0.34127945,0.6111759,26.565735
1368,10.0,17.0,12.0,2.0,22.0,0.0,0.44444445,0.3,0.7,19.0,13.0,17.0,11.0,1.0,13.0,0.4864865,0.5714286,0.79310346,30.0
1369,17.0,12.0,11.0,2.0,31.0,0.0,0.47368422,0.30769232,0.45,28.0,10.0,14.0,3.0,1.0,18.0,0.3859649,0.22222222,0.7714286,44.0
1371,9.681718,13.351913,6.859499,3.5211,18.531544,0.0,0.3398988,0.30758655,0.5843032,27.252296,14.425498,12.098224,6.4531603,3.058833,16.57039,0.49598023,0.40843812,0.763596,33.680626
1372,11.682931,10.670936,9.080243,2.9380875,21.034702,0.0,0.38364995,0.3159382,0.770065,31.03094,13.303136,14.190843,4.9382973,5.390225,19.324995,0.4608444,0.27949187,0.70553476,37.693943
1373,12.341514,14.866568,8.116076,1.6608813,15.75049,0.0,0.3815032,0.28797674,0.76645154,40.60319,17.277506,16.225437,6.4792676,5.5029426,17.479702,0.4566869,0.33242157,0.6557251,38.64745
1374,11.268942,8.268942,6.6136484,1.0757656,14.731058,0.0,0.405611,0.40372828,0.6930438,30.806824,12.924234,12.151531,4.7310586,4.2689414,16.268942,0.46535128,0.3433446,0.71428573,34.0
1375,8.0,13.806825,5.537883,3.7310586,18.462116,0.0,0.41274518,0.3403412,0.48646188,30.268942,18.806824,10.268942,8.731058,2.6136484,17.772703,0.50461763,0.4992151,0.88997644,30.958355
1376,16.448748,10.052549,3.5772498,3.0787446,21.370043,0.0,0.4478731,0.44021517,0.645615,25.652847,15.475299,9.918226,7.606277,5.894981,15.865756,0.57220125,0.42567468,0.8035584,30.551172
1378,10.666667,11.0,6.0,3.6666667,15.333333,0.0,0.44873706,0.3124183,0.666249,34.0,9.666667,9.666667,5.3333335,2.6666667,17.333334,0.37152022,0.2936508,0.71761906,28.0
1379,8.0,10.0,8.0,0.0,25.0,0.0,0.36666667,0.3478261,0.7058824,34.0,12.0,11.0,4.0,7.0,18.0,0.5,0.16666667,0.7647059,31.0
1380,9.989043,9.219776,4.0547857,3.0995138,18.548592,0.0,0.39236712,0.20253094,0.7155799,31.905964,14.005479,13.307167,3.5771499,0.85692406,13.533321,0.44444537,0.36711094,0.7247304,31.028559
1382,9.586422,5.832112,4.729888,3.9130216,16.839273,0.0,0.34471318,0.16314352,0.7767354,30.898237,12.546292,9.327062,3.2781963,5.0304904,18.428823,0.4080337,0.3212622,0.7698378,42.749817
1385,8.648068,15.20088,10.514882,1.1649392,21.88269,0.0,0.33745036,0.2518045,0.5751742,41.344433,12.12701,19.966259,5.0158763,2.1173105,17.248508,0.45306534,0.4186886,0.7359758,41.781254
1386,10.334781,9.799213,4.285797,1.9880435,19.474953,0.0,0.4448926,0.32379794,0.7752218,32.921757,10.094052,9.865839,3.0694695,5.7566476,17.623856,0.45394334,0.3532255,0.81801325,32.681477
1387,7.560692,16.619215,6.525956,3.5024045,21.92592,0.0,0.38058665,0.1965368,0.6218552,35.258762,10.4575405,12.009116,8.731174,1.1247289,14.9151535,0.42303735,0.39572194,0.7649999,31.259415
1388,13.311253,9.213158,6.483153,2.3262107,17.373838,0.0,0.41278628,0.2932219,0.6638725,30.808084,10.563667,11.357536,5.526581,5.278869,15.466871,0.4460277,0.34152946,0.7709097,27.515505
1389,8.953931,8.236219,4.89619,3.6782355,21.403149,0.0,0.35772002,0.26031232,0.78342056,24.402634,16.16936,12.471737,4.8943663,4.998784,17.44384,0.44547856,0.35077873,0.70561224,36.922264
1390,9.1707735,12.716552,7.451376,4.647171,19.466179,0.0,0.4070539,0.26575094,0.6958365,36.01003,12.621333,11.222638,6.3457637,1.7814908,21.492231,0.39377353,0.28719178,0.6843468,35.675213
1391,6.0,14.0,6.0,4.0,12.0,0.0,0.3090909,0.15,0.75,27.0,22.0,8.0,6.0,2.0,19.0,0.5285714,0.375,0.8,42.0
1392,10.0,14.0,6.0,3.0,14.0,0.0,0.2631579,0.23076923,0.7777778,46.0,14.0,10.0,9.0,15.0,17.0,0.52380955,0.30769232,0.88235295,44.0
1393,11.282586,12.228842,4.124852,5.4474006,15.673804,0.0,0.43707383,0.37148267,0.739702,29.155884,15.92378,9.699693,6.589185,2.5854528,15.820953,0.3840091,0.31491923,0.63111484,34.17387
1394,10.862233,9.535567,4.779859,2.2330527,18.931696,0.0,0.36791104,0.30820504,0.7471997,38.301357,16.672562,11.163333,6.6857314,5.9305377,22.987217,0.4598959,0.36403096,0.5957418,38.16295
1395,14.0710535,10.695434,6.0794783,4.159175,18.040203,0.0,0.39397722,0.32959735,0.72599345,35.35805,15.391151,11.045807,7.4632406,6.4931273,16.982468,0.46866876,0.3616584,0.7440891,31.173029
1396,12.548914,10.931436,5.9411817,1.7061183,21.108768,0.0,0.4059993,0.29616925,0.5877986,39.254433,14.158791,9.865438,5.7346973,3.5748343,12.907865,0.4912244,0.3676494,0.76251185,33.86128
1397,15.747114,9.353225,7.2703023,3.7834918,16.710138,0.0,0.41979393,0.34512472,0.7255994,32.63272,10.9871025,11.490367,4.163778,2.3078527,16.268114,0.40724325,0.30857176,0.7382783,29.7675
1400,11.973886,11.175958,6.5692296,2.974515,16.595303,0.0,0.45256826,0.32930666,0.73550403,30.98105,9.380056,12.222217,5.919763,2.5720875,15.02761,0.4090649,0.25428763,0.7761725,33.110558
1401,12.9209585,9.96404,3.8532767,4.37141,20.26328,0.0,0.42129248,0.41101155,0.701422,38.857586,16.071875,8.835192,5.5951567,3.8622031,19.848661,0.48280296,0.38208258,0.8099245,28.037971
1403,14.153359,9.256774,5.0821643,3.3903668,17.336306,0.0,0.4384781,0.33678374,0.747868,31.462864,12.313347,12.167656,5.247342,3.8979223,15.305723,0.43719384,0.32615435,0.7562079,31.166462
1407,10.002733,16.992712,1.0045552,2.0036442,19.0,0.0,0.40673143,0.21753882,0.8566656,36.996357,15.003644,8.001822,12.992712,7.996356,16.994534,0.4676859,0.46413603,0.6956764,36.01002
1409,11.084373,12.3428545,4.191655,4.9178205,15.8017645,0.0,0.42563415,0.24578759,0.631293,35.198235,11.881751,8.536703,6.607916,5.725068,13.733842,0.42114294,0.25958067,0.8266943,37.44575
1411,11.597064,12.56697,6.12841,3.661317,18.819523,0.0,0.3888118,0.19876339,0.79233664,31.10819,15.4826355,12.385978,6.74862,3.0563056,18.105085,0.45793805,0.38365856,0.6511974,34.58055
1412,10.5783825,13.420482,6.716797,1.7691989,16.895588,0.0,0.40059814,0.326622,0.757769,24.396996,12.459148,10.679372,9.60396,4.4919753,17.805109,0.4628754,0.33232614,0.7279627,31.393356
1413,10.5,16.0,4.5,1.5,16.0,0.0,0.3985215,0.25625,0.85353535,33.5,16.5,10.5,8.0,3.0,16.0,0.46035448,0.31615385,0.8096154,37.5
1414,8.126758,14.46831,5.4683104,2.0,12.341553,0.0,0.41895965,0.33597353,0.8066086,33.214794,11.809863,9.936621,5.873242,4.3415527,16.151417,0.41543978,0.40340647,0.78926027,32.02466
1416,13.999805,12.99891,5.502188,5.498708,15.004668,0.0,0.48624066,0.57125837,0.7386797,37.99452,10.501994,10.002196,7.9995446,3.0008142,16.997625,0.37964988,0.31546792,0.7034042,35.004196
1417,15.592184,6.82927,6.1426463,3.539273,13.910804,0.0,0.4714119,0.3796264,0.7555641,29.062656,11.397843,11.064939,4.0537877,2.4190028,15.380639,0.4223461,0.296438,0.70532846,31.851393
1418,11.956083,13.890715,7.945028,0.055071976,18.989407,0.0,0.399768,0.3324101,0.557214,23.145176,16.021038,15.889468,8.9003525,3.988475,14.034009,0.45718756,0.25155824,0.5709365,27.100702
1420,10.989927,14.491606,6.518467,0.99664235,15.003358,0.0,0.41943452,0.3860995,0.60691226,30.494963,4.531898,12.508394,10.484891,1.5016788,16.48489,0.41023803,0.1332985,0.6104982,28.538612
1421,9.10882,15.909075,4.9994655,3.92369,14.978869,0.0,0.3728059,0.29992944,0.69344467,19.487595,23.854403,7.1581273,10.860144,4.0208,11.030302,0.53990877,0.31679583,0.76045215,33.012627
1422,12.7230215,8.9121275,6.4527235,1.0,18.729702,0.0,0.33513612,0.23683996,0.65722585,28.736383,13.540596,12.4527235,3.364851,5.270298,14.8175745,0.503119,0.039657723,0.66716343,35.364853
1423,13.131397,9.01465,4.3729954,2.373268,24.89731,0.0,0.42206895,0.39941978,0.6806876,37.717808,9.775018,8.76064,4.625035,6.117833,18.626732,0.5138628,0.35732752,0.695555,35.638256
1424,11.56423,10.204062,7.4210052,4.95926,19.825798,0.0,0.35004637,0.29787168,0.6345663,35.154285,15.422951,15.24981,5.688293,3.4105272,18.403044,0.4693573,0.48641542,0.59524685,39.832687
1425,15.568588,12.156057,3.0908608,3.057375,14.782323,0.0,0.4729576,0.41462755,0.72523856,33.460064,13.288972,7.054357,7.605678,2.7858565,13.851743,0.4179643,0.27103144,0.7284521,30.785223
1426,16.0,14.0,5.0,3.0,23.0,0.0,0.43636364,0.30769232,0.52380955,29.0,18.0,12.0,7.0,5.0,18.0,0.5185185,0.45,0.62857145,39.0
1427,9.881007,13.089245,5.537185,0.044622336,13.522311,0.0,0.3806223,0.24102111,0.7597799,33.089245,19.37357,12.611556,5.5818076,3.0892446,15.566934,0.45691603,0.3852692,0.7292286,37.04462
1428,11.506781,15.188608,7.0360456,3.2619128,14.085245,0.0,0.47431037,0.41402316,0.83758146,30.09714,9.428944,11.594712,8.797162,2.5181549,18.617304,0.46770507,0.36586353,0.8152877,26.709402
1429,14.503827,11.032568,6.503408,5.6802106,15.135479,0.0,0.45477858,0.31978092,0.7689272,26.537663,19.08546,10.3897505,6.543989,3.6956627,12.606627,0.46697244,0.40316513,0.7696616,35.490925
1431,14.766984,13.709914,7.591038,1.0439864,23.7539,0.0,0.42487863,0.22538465,0.7882794,29.375841,14.204481,10.756118,6.116508,1.4374967,13.307905,0.45910746,0.40817657,0.63985044,32.800102
1433,7.515861,13.347132,7.0394135,4.5150313,19.939445,0.0,0.3722636,0.3335448,0.6537088,26.3323,12.864223,9.363135,7.4044785,5.7191443,18.312159,0.42674056,0.24694183,0.7354013,34.18223
1434,11.451804,8.475635,6.879961,2.0695825,17.125996,0.0,0.35551137,0.39980343,0.57920533,28.854877,10.90677,12.620757,5.271119,4.4637194,18.180685,0.46801898,0.42032108,0.7190827,38.05785
1435,9.42466,10.962762,4.7964835,5.290626,18.3822,0.0,0.37029728,0.28867695,0.72943425,33.269405,11.163521,9.957313,5.967733,1.0357151,19.318073,0.4450401,0.4027279,0.6282302,37.826897
1436,13.057653,10.001402,5.047854,2.0376184,18.183605,0.0,0.41301018,0.3038365,0.49721125,25.19979,12.21453,7.0773306,7.0870113,3.4631712,13.701558,0.45077786,0.3800009,0.7076892,33.950085
1437,11.475827,9.062629,4.641523,2.8089092,13.7811985,0.0,0.43204808,0.35884002,0.8294365,31.316666,11.224982,9.330854,4.6780753,3.163003,14.59525,0.41051286,0.28609684,0.6884196,31.860748
1438,9.94129,5.7861276,4.4136024,3.8771966,13.896504,0.0,0.36178067,0.22170407,0.69989514,28.687078,11.593741,9.878423,2.593862,1.9335328,14.884233,0.46755046,0.35666016,0.7490907,34.92952
1439,11.885866,11.573391,5.6014495,1.7672874,19.0922,0.0,0.45532215,0.3543181,0.802671,26.254818,14.153257,11.313233,6.372251,3.4468102,19.89,0.49079245,0.41387984,0.72849745,30.03125
1443,16.92197,17.96467,5.029286,3.9924254,15.063612,0.0,0.40533018,0.33248502,0.8310115,41.995754,22.886969,10.05907,8.963197,10.964962,9.095201,0.4781349,0.35905644,0.53508234,35.00204
1444,11.986614,12.993307,4.0602355,1.0,16.020079,0.0,0.34695396,0.22143944,0.75,25.073622,16.0,12.033464,8.006693,5.993307,20.959843,0.49172327,0.41288364,0.82099223,40.946457
1447,12.000013,7.5001583,5.000014,3.4999793,14.500075,0.0,0.46191153,0.42973724,0.577779,23.500076,13.500117,8.000013,4.5001307,2.000055,12.50009,0.46798372,0.39583564,0.7994956,33.999985
1448,13.927249,11.408661,7.7043166,1.3600733,24.611008,0.0,0.46735114,0.3290086,0.8847924,22.788977,17.804964,14.454487,6.1946697,3.0833142,25.499844,0.6451163,0.3731924,0.73585165,29.590004
1449,11.172888,13.392101,8.426234,5.895274,14.224122,0.0,0.4375604,0.44673464,0.63463694,26.860117,15.378592,17.82987,4.071134,2.5217621,15.494751,0.43047985,0.39033124,0.79635656,41.28693
1450,10.502639,11.498946,4.001514,5.998659,14.500389,0.0,0.40662876,0.35863087,0.77520037,34.50123,15.995332,6.5038896,5.999467,2.500856,16.498941,0.41357166,0.41657752,0.6260622,29.504189
1451,8.458984,10.780709,7.9715023,2.2723534,14.79794,0.0,0.36323094,0.24936472,0.567129,28.333752,14.300851,12.729159,4.0193615,4.688985,17.082031,0.5022512,0.50007564,0.8802852,39.72801
1452,11.826859,10.615551,7.3936462,2.738098,21.023954,0.0,0.41563582,0.41994065,0.7881822,30.119596,13.734145,14.681947,6.2533956,4.997754,17.928017,0.49543524,0.40068603,0.675808,27.130175
1453,14.0,18.0,14.0,5.0,23.0,0.0,0.375,0.33333334,0.6086956,25.0,17.0,20.0,13.0,1.0,19.0,0.5614035,0.36842105,0.75,45.0
1454,13.059882,11.972604,4.222041,2.0348344,14.271924,0.0,0.29550463,0.25832042,0.73183125,36.556915,13.275451,11.312396,7.875539,9.593411,17.291914,0.45539764,0.18817589,0.80632544,45.357533
1455,9.761353,9.943615,6.044808,5.321864,15.691762,0.0,0.37425134,0.23328584,0.62415165,36.27531,11.468553,10.796659,5.441642,4.3272734,17.083946,0.3948901,0.3648715,0.65304,32.543266
1457,12.852132,9.876675,0.7390536,0.15009043,22.847143,0.0,0.36672625,0.32233942,0.70722634,33.16598,11.486636,6.742907,3.1280684,7.740168,20.248425,0.4479459,0.33211288,0.72292376,32.353714
1458,12.41166,13.74121,5.158374,4.1175084,16.511425,0.0,0.39515224,0.33623868,0.7053955,33.26156,12.102226,10.2517605,8.5865755,3.0791018,18.306028,0.4063721,0.34347588,0.73720837,32.440506
1459,10.265839,8.982262,3.11873,2.7731402,15.449294,0.0,0.41788423,0.36183715,0.73781943,28.578747,10.806434,10.897005,5.536931,2.0056598,15.746754,0.40932032,0.2914676,0.71350217,33.971615
1460,15.555427,10.657759,7.8101716,3.4043088,16.999481,0.0,0.40558133,0.38133445,0.73609626,31.531292,13.93845,15.746809,7.403791,6.9366374,20.27603,0.49057913,0.35325965,0.7714633,37.44535
1461,6.234498,17.824127,2.0,1.0586245,17.0,0.0,0.43541983,0.31852436,0.65689594,29.765503,10.0,7.0,3.1758733,2.9413755,21.765503,0.42054623,0.16399269,0.608468,33.85344
1462,16.212944,10.357023,4.7635765,3.9187045,17.84254,0.0,0.46276438,0.31694385,0.6764345,34.52198,12.828456,9.516694,5.3618026,3.070817,18.584795,0.44147742,0.37133843,0.6485404,33.69149
1463,11.783787,10.687133,8.350464,1.4794942,17.149246,0.0,0.40768945,0.37466404,0.6780427,22.861969,13.679767,12.571796,7.451201,3.1211302,18.682018,0.5025279,0.3955111,0.75969565,36.431343
